model,alpha (BM25),beta (TF-IDF),gamma (Transformer),recall@5
bert,0.0,0.0,1.0,0.7208
bert,0.0,0.02,0.98,0.7258
bert,0.0,0.04,0.96,0.7283999999999999
bert,0.0,0.06,0.94,0.7308
bert,0.0,0.08,0.92,0.7337
bert,0.0,0.1,0.9,0.7349000000000001
bert,0.0,0.12,0.88,0.7364
bert,0.0,0.14,0.86,0.737
bert,0.0,0.16,0.84,0.7379
bert,0.0,0.18,0.8200000000000001,0.7386
bert,0.0,0.2,0.8,0.7390999999999999
bert,0.0,0.22,0.78,0.7396
bert,0.0,0.24,0.76,0.7399000000000001
bert,0.0,0.26,0.74,0.7397
bert,0.0,0.28,0.72,0.738
bert,0.0,0.3,0.7,0.7359000000000001
bert,0.0,0.32,0.6799999999999999,0.7355
bert,0.0,0.34,0.6599999999999999,0.7343
bert,0.0,0.36,0.64,0.7341
bert,0.0,0.38,0.62,0.7338000000000001
bert,0.0,0.4,0.6,0.7325999999999999
bert,0.0,0.42,0.5800000000000001,0.7306
bert,0.0,0.44,0.56,0.7283999999999999
bert,0.0,0.46,0.54,0.7277
bert,0.0,0.48,0.52,0.7265999999999999
bert,0.0,0.5,0.5,0.7255
bert,0.0,0.52,0.48,0.7242999999999999
bert,0.0,0.54,0.45999999999999996,0.7232000000000001
bert,0.0,0.56,0.43999999999999995,0.721
bert,0.0,0.58,0.42000000000000004,0.7202000000000001
bert,0.0,0.6,0.4,0.719
bert,0.0,0.62,0.38,0.7175999999999999
bert,0.0,0.64,0.36,0.7176000000000001
bert,0.0,0.66,0.33999999999999997,0.7157
bert,0.0,0.68,0.31999999999999995,0.7133999999999999
bert,0.0,0.7000000000000001,0.29999999999999993,0.7124000000000001
bert,0.0,0.72,0.28,0.7102
bert,0.0,0.74,0.26,0.7095
bert,0.0,0.76,0.24,0.7075
bert,0.0,0.78,0.21999999999999997,0.7062
bert,0.0,0.8,0.19999999999999996,0.7045
bert,0.0,0.8200000000000001,0.17999999999999994,0.7031000000000001
bert,0.0,0.84,0.16000000000000003,0.702
bert,0.0,0.86,0.14,0.7001000000000002
bert,0.0,0.88,0.12,0.6985999999999999
bert,0.0,0.9,0.09999999999999998,0.6968000000000001
bert,0.0,0.92,0.07999999999999996,0.6949000000000001
bert,0.0,0.9400000000000001,0.05999999999999994,0.6931000000000002
bert,0.0,0.96,0.040000000000000036,0.6914
bert,0.0,0.98,0.020000000000000018,0.6904
bert,0.0,1.0,0.0,0.6857000000000001
bert,0.02,0.0,0.98,0.7257
bert,0.02,0.02,0.96,0.7280999999999999
bert,0.02,0.04,0.94,0.7306
bert,0.02,0.06,0.9199999999999999,0.7339000000000001
bert,0.02,0.08,0.9,0.7351
bert,0.02,0.1,0.88,0.7370999999999999
bert,0.02,0.12,0.86,0.737
bert,0.02,0.14,0.84,0.7375
bert,0.02,0.16,0.82,0.7387999999999999
bert,0.02,0.18,0.8,0.7394
bert,0.02,0.2,0.78,0.7393
bert,0.02,0.22,0.76,0.7392000000000001
bert,0.02,0.24,0.74,0.7397
bert,0.02,0.26,0.72,0.7377
bert,0.02,0.28,0.7,0.7357
bert,0.02,0.3,0.6799999999999999,0.7358
bert,0.02,0.32,0.6599999999999999,0.7338000000000001
bert,0.02,0.34,0.6399999999999999,0.7339
bert,0.02,0.36,0.62,0.7336
bert,0.02,0.38,0.6,0.7326
bert,0.02,0.4,0.58,0.731
bert,0.02,0.42,0.56,0.7289
bert,0.02,0.44,0.54,0.7278000000000001
bert,0.02,0.46,0.52,0.7269000000000001
bert,0.02,0.48,0.5,0.7261
bert,0.02,0.5,0.48,0.7245
bert,0.02,0.52,0.45999999999999996,0.7236
bert,0.02,0.54,0.43999999999999995,0.7215
bert,0.02,0.56,0.41999999999999993,0.7206000000000001
bert,0.02,0.58,0.4,0.7192000000000001
bert,0.02,0.6,0.38,0.7177
bert,0.02,0.62,0.36,0.7171000000000002
bert,0.02,0.64,0.33999999999999997,0.7159
bert,0.02,0.66,0.31999999999999995,0.7139
bert,0.02,0.68,0.29999999999999993,0.713
bert,0.02,0.7000000000000001,0.2799999999999999,0.7109000000000001
bert,0.02,0.72,0.26,0.7097
bert,0.02,0.74,0.24,0.7075
bert,0.02,0.76,0.21999999999999997,0.7069
bert,0.02,0.78,0.19999999999999996,0.7052
bert,0.02,0.8,0.17999999999999994,0.704
bert,0.02,0.8200000000000001,0.15999999999999992,0.7022999999999999
bert,0.02,0.84,0.14,0.7004000000000001
bert,0.02,0.86,0.12,0.6989
bert,0.02,0.88,0.09999999999999998,0.6972
bert,0.02,0.9,0.07999999999999996,0.695
bert,0.02,0.92,0.05999999999999994,0.6931000000000002
bert,0.02,0.9400000000000001,0.039999999999999925,0.6918000000000001
bert,0.02,0.96,0.020000000000000018,0.6907000000000001
bert,0.02,0.98,0.0,0.6857000000000001
bert,0.04,0.0,0.96,0.7291
bert,0.04,0.02,0.94,0.73
bert,0.04,0.04,0.9199999999999999,0.734
bert,0.04,0.06,0.8999999999999999,0.7357
bert,0.04,0.08,0.88,0.7368000000000001
bert,0.04,0.1,0.86,0.7373
bert,0.04,0.12,0.84,0.7377
bert,0.04,0.14,0.82,0.7395
bert,0.04,0.16,0.7999999999999999,0.7393
bert,0.04,0.18,0.78,0.7387999999999999
bert,0.04,0.2,0.76,0.7390000000000001
bert,0.04,0.22,0.74,0.7392000000000001
bert,0.04,0.24,0.72,0.7382000000000001
bert,0.04,0.26,0.7,0.7359000000000001
bert,0.04,0.28,0.6799999999999999,0.7356
bert,0.04,0.3,0.6599999999999999,0.7343
bert,0.04,0.32,0.6399999999999999,0.7341
bert,0.04,0.34,0.6199999999999999,0.7338
bert,0.04,0.36,0.6,0.7326
bert,0.04,0.38,0.58,0.7315
bert,0.04,0.4,0.5599999999999999,0.7287
bert,0.04,0.42,0.54,0.7275
bert,0.04,0.44,0.52,0.7269000000000001
bert,0.04,0.46,0.49999999999999994,0.7261
bert,0.04,0.48,0.48,0.724
bert,0.04,0.5,0.45999999999999996,0.7232000000000001
bert,0.04,0.52,0.43999999999999995,0.7215999999999999
bert,0.04,0.54,0.41999999999999993,0.7208
bert,0.04,0.56,0.3999999999999999,0.7196
bert,0.04,0.58,0.38,0.7183999999999999
bert,0.04,0.6,0.36,0.7172999999999999
bert,0.04,0.62,0.33999999999999997,0.7163999999999999
bert,0.04,0.64,0.31999999999999995,0.7139000000000001
bert,0.04,0.66,0.29999999999999993,0.7129
bert,0.04,0.68,0.2799999999999999,0.7115
bert,0.04,0.7000000000000001,0.2599999999999999,0.7092
bert,0.04,0.72,0.24,0.7077
bert,0.04,0.74,0.21999999999999997,0.7069
bert,0.04,0.76,0.19999999999999996,0.7055
bert,0.04,0.78,0.17999999999999994,0.7041000000000001
bert,0.04,0.8,0.15999999999999992,0.7024
bert,0.04,0.8200000000000001,0.1399999999999999,0.7008
bert,0.04,0.84,0.12,0.699
bert,0.04,0.86,0.09999999999999998,0.6972999999999999
bert,0.04,0.88,0.07999999999999996,0.695
bert,0.04,0.9,0.05999999999999994,0.6934000000000001
bert,0.04,0.92,0.039999999999999925,0.6919
bert,0.04,0.9400000000000001,0.019999999999999907,0.6905
bert,0.04,0.96,0.0,0.686
bert,0.06,0.0,0.94,0.7303999999999999
bert,0.06,0.02,0.9199999999999999,0.7335
bert,0.06,0.04,0.8999999999999999,0.7356
bert,0.06,0.06,0.8799999999999999,0.7367
bert,0.06,0.08,0.86,0.7367
bert,0.06,0.1,0.84,0.7375
bert,0.06,0.12,0.82,0.739
bert,0.06,0.14,0.7999999999999999,0.7391
bert,0.06,0.16,0.7799999999999999,0.739
bert,0.06,0.18,0.76,0.7391000000000001
bert,0.06,0.2,0.74,0.7389000000000001
bert,0.06,0.22,0.72,0.7381
bert,0.06,0.24,0.7,0.736
bert,0.06,0.26,0.6799999999999999,0.7353999999999999
bert,0.06,0.28,0.6599999999999999,0.7346000000000001
bert,0.06,0.3,0.6399999999999999,0.7337
bert,0.06,0.32,0.6199999999999999,0.7335999999999999
bert,0.06,0.34,0.5999999999999999,0.7320999999999999
bert,0.06,0.36,0.58,0.7309
bert,0.06,0.38,0.5599999999999999,0.7291
bert,0.06,0.4,0.5399999999999999,0.7281
bert,0.06,0.42,0.52,0.7272000000000001
bert,0.06,0.44,0.49999999999999994,0.7263
bert,0.06,0.46,0.4799999999999999,0.7243999999999999
bert,0.06,0.48,0.45999999999999996,0.7228
bert,0.06,0.5,0.43999999999999995,0.722
bert,0.06,0.52,0.41999999999999993,0.7212000000000001
bert,0.06,0.54,0.3999999999999999,0.7197
bert,0.06,0.56,0.3799999999999999,0.7189000000000001
bert,0.06,0.58,0.36,0.7172999999999999
bert,0.06,0.6,0.33999999999999997,0.7164
bert,0.06,0.62,0.31999999999999995,0.7145
bert,0.06,0.64,0.29999999999999993,0.713
bert,0.06,0.66,0.2799999999999999,0.7112
bert,0.06,0.68,0.2599999999999999,0.709
bert,0.06,0.7000000000000001,0.23999999999999988,0.7075
bert,0.06,0.72,0.21999999999999997,0.7069
bert,0.06,0.74,0.19999999999999996,0.7055
bert,0.06,0.76,0.17999999999999994,0.7046
bert,0.06,0.78,0.15999999999999992,0.7031000000000001
bert,0.06,0.8,0.1399999999999999,0.7012999999999999
bert,0.06,0.8200000000000001,0.11999999999999988,0.699
bert,0.06,0.84,0.09999999999999998,0.6971000000000002
bert,0.06,0.86,0.07999999999999996,0.6949000000000001
bert,0.06,0.88,0.05999999999999994,0.6931
bert,0.06,0.9,0.039999999999999925,0.692
bert,0.06,0.92,0.019999999999999907,0.6906
bert,0.08,0.0,0.92,0.7328000000000001
bert,0.08,0.02,0.9,0.7362000000000001
bert,0.08,0.04,0.88,0.7367
bert,0.08,0.06,0.8600000000000001,0.736
bert,0.08,0.08,0.8400000000000001,0.7369000000000001
bert,0.08,0.1,0.8200000000000001,0.7388000000000001
bert,0.08,0.12,0.8,0.739
bert,0.08,0.14,0.78,0.7388000000000001
bert,0.08,0.16,0.76,0.7385
bert,0.08,0.18,0.74,0.7388000000000001
bert,0.08,0.2,0.72,0.7383
bert,0.08,0.22,0.7000000000000001,0.7363
bert,0.08,0.24,0.68,0.735
bert,0.08,0.26,0.66,0.7349000000000001
bert,0.08,0.28,0.64,0.734
bert,0.08,0.3,0.6200000000000001,0.7334
bert,0.08,0.32,0.6000000000000001,0.7323
bert,0.08,0.34,0.5800000000000001,0.7307
bert,0.08,0.36,0.56,0.7294
bert,0.08,0.38,0.54,0.7285
bert,0.08,0.4,0.52,0.7268
bert,0.08,0.42,0.5,0.7259
bert,0.08,0.44,0.48000000000000004,0.7245
bert,0.08,0.46,0.46,0.723
bert,0.08,0.48,0.44000000000000006,0.7217
bert,0.08,0.5,0.42000000000000004,0.7212999999999999
bert,0.08,0.52,0.4,0.72
bert,0.08,0.54,0.38,0.7197
bert,0.08,0.56,0.36,0.7178
bert,0.08,0.58,0.3400000000000001,0.7162000000000001
bert,0.08,0.6,0.32000000000000006,0.7148
bert,0.08,0.62,0.30000000000000004,0.713
bert,0.08,0.64,0.28,0.7114
bert,0.08,0.66,0.26,0.7091000000000001
bert,0.08,0.68,0.24,0.7079000000000001
bert,0.08,0.7000000000000001,0.21999999999999997,0.7067
bert,0.08,0.72,0.20000000000000007,0.7057
bert,0.08,0.74,0.18000000000000005,0.7041000000000001
bert,0.08,0.76,0.16000000000000003,0.7031000000000001
bert,0.08,0.78,0.14,0.7014
bert,0.08,0.8,0.12,0.6988
bert,0.08,0.8200000000000001,0.09999999999999998,0.6970999999999999
bert,0.08,0.84,0.08000000000000007,0.6949000000000001
bert,0.08,0.86,0.06000000000000005,0.6934000000000001
bert,0.08,0.88,0.040000000000000036,0.6920999999999999
bert,0.08,0.9,0.020000000000000018,0.6905
bert,0.08,0.92,0.0,0.6865999999999999
bert,0.1,0.0,0.9,0.7352000000000001
bert,0.1,0.02,0.88,0.7358
bert,0.1,0.04,0.86,0.7358
bert,0.1,0.06,0.8400000000000001,0.7371
bert,0.1,0.08,0.8200000000000001,0.7386
bert,0.1,0.1,0.8,0.7385
bert,0.1,0.12,0.78,0.7387999999999999
bert,0.1,0.14,0.76,0.7387
bert,0.1,0.16,0.74,0.7387
bert,0.1,0.18,0.72,0.7382000000000001
bert,0.1,0.2,0.7,0.7362000000000001
bert,0.1,0.22,0.68,0.7355999999999999
bert,0.1,0.24,0.66,0.7350000000000001
bert,0.1,0.26,0.64,0.7343
bert,0.1,0.28,0.62,0.7332000000000001
bert,0.1,0.3,0.6000000000000001,0.7327
bert,0.1,0.32,0.5800000000000001,0.7309000000000001
bert,0.1,0.34,0.56,0.7296000000000001
bert,0.1,0.36,0.54,0.7278
bert,0.1,0.38,0.52,0.7265
bert,0.1,0.4,0.5,0.7263
bert,0.1,0.42,0.48000000000000004,0.7245999999999999
bert,0.1,0.44,0.46,0.7229
bert,0.1,0.46,0.44,0.7218
bert,0.1,0.48,0.42000000000000004,0.7202999999999999
bert,0.1,0.5,0.4,0.7199
bert,0.1,0.52,0.38,0.7196
bert,0.1,0.54,0.36,0.7181
bert,0.1,0.56,0.33999999999999997,0.7157
bert,0.1,0.58,0.32000000000000006,0.7153999999999999
bert,0.1,0.6,0.30000000000000004,0.7132000000000001
bert,0.1,0.62,0.28,0.7115
bert,0.1,0.64,0.26,0.7085
bert,0.1,0.66,0.24,0.7075
bert,0.1,0.68,0.21999999999999997,0.7065
bert,0.1,0.7000000000000001,0.19999999999999996,0.7054000000000001
bert,0.1,0.72,0.18000000000000005,0.704
bert,0.1,0.74,0.16000000000000003,0.7029
bert,0.1,0.76,0.14,0.7007000000000001
bert,0.1,0.78,0.12,0.6998000000000001
bert,0.1,0.8,0.09999999999999998,0.6977
bert,0.1,0.8200000000000001,0.07999999999999996,0.6952999999999999
bert,0.1,0.84,0.06000000000000005,0.6934000000000001
bert,0.1,0.86,0.040000000000000036,0.6925
bert,0.1,0.88,0.020000000000000018,0.6907000000000001
bert,0.1,0.9,0.0,0.6862999999999999
bert,0.12,0.0,0.88,0.7363000000000001
bert,0.12,0.02,0.86,0.7358
bert,0.12,0.04,0.84,0.7373
bert,0.12,0.06,0.8200000000000001,0.7381000000000001
bert,0.12,0.08,0.8,0.7380999999999999
bert,0.12,0.1,0.78,0.739
bert,0.12,0.12,0.76,0.7385
bert,0.12,0.14,0.74,0.7385
bert,0.12,0.16,0.72,0.7381
bert,0.12,0.18,0.7,0.7365
bert,0.12,0.2,0.6799999999999999,0.7361
bert,0.12,0.22,0.66,0.7349000000000001
bert,0.12,0.24,0.64,0.7345
bert,0.12,0.26,0.62,0.7323999999999999
bert,0.12,0.28,0.6,0.7326
bert,0.12,0.3,0.5800000000000001,0.7307
bert,0.12,0.32,0.56,0.7296999999999999
bert,0.12,0.34,0.54,0.7281
bert,0.12,0.36,0.52,0.7268000000000001
bert,0.12,0.38,0.5,0.7262000000000001
bert,0.12,0.4,0.48,0.7246
bert,0.12,0.42,0.46,0.7228
bert,0.12,0.44,0.44,0.7219000000000001
bert,0.12,0.46,0.42,0.7205
bert,0.12,0.48,0.4,0.7196
bert,0.12,0.5,0.38,0.7193
bert,0.12,0.52,0.36,0.718
bert,0.12,0.54,0.33999999999999997,0.7162999999999999
bert,0.12,0.56,0.31999999999999995,0.715
bert,0.12,0.58,0.30000000000000004,0.7132999999999999
bert,0.12,0.6,0.28,0.7118
bert,0.12,0.62,0.26,0.7086
bert,0.12,0.64,0.24,0.7071000000000001
bert,0.12,0.66,0.21999999999999997,0.7067
bert,0.12,0.68,0.19999999999999996,0.7056
bert,0.12,0.7000000000000001,0.17999999999999994,0.7038
bert,0.12,0.72,0.16000000000000003,0.7029
bert,0.12,0.74,0.14,0.701
bert,0.12,0.76,0.12,0.6999
bert,0.12,0.78,0.09999999999999998,0.6977000000000001
bert,0.12,0.8,0.07999999999999996,0.6956
bert,0.12,0.8200000000000001,0.05999999999999994,0.6935000000000001
bert,0.12,0.84,0.040000000000000036,0.6928000000000001
bert,0.12,0.86,0.020000000000000018,0.6912
bert,0.12,0.88,0.0,0.6869
bert,0.14,0.0,0.86,0.736
bert,0.14,0.02,0.84,0.7369000000000001
bert,0.14,0.04,0.82,0.7376
bert,0.14,0.06,0.8,0.7386
bert,0.14,0.08,0.78,0.7388000000000001
bert,0.14,0.1,0.76,0.7384
bert,0.14,0.12,0.74,0.7381
bert,0.14,0.14,0.72,0.7377
bert,0.14,0.16,0.7,0.7362000000000001
bert,0.14,0.18,0.6799999999999999,0.736
bert,0.14,0.2,0.6599999999999999,0.7348
bert,0.14,0.22,0.64,0.7348
bert,0.14,0.24,0.62,0.7328999999999999
bert,0.14,0.26,0.6,0.7328
bert,0.14,0.28,0.58,0.7313000000000001
bert,0.14,0.3,0.56,0.7293999999999999
bert,0.14,0.32,0.54,0.7283999999999999
bert,0.14,0.34,0.52,0.7267
bert,0.14,0.36,0.5,0.7264
bert,0.14,0.38,0.48,0.7248000000000001
bert,0.14,0.4,0.45999999999999996,0.7228000000000001
bert,0.14,0.42,0.44,0.7217
bert,0.14,0.44,0.42,0.7207
bert,0.14,0.46,0.39999999999999997,0.7202999999999999
bert,0.14,0.48,0.38,0.7192999999999999
bert,0.14,0.5,0.36,0.7182000000000001
bert,0.14,0.52,0.33999999999999997,0.7168
bert,0.14,0.54,0.31999999999999995,0.7152000000000001
bert,0.14,0.56,0.29999999999999993,0.7135
bert,0.14,0.58,0.28,0.7122999999999999
bert,0.14,0.6,0.26,0.7088
bert,0.14,0.62,0.24,0.707
bert,0.14,0.64,0.21999999999999997,0.7064000000000001
bert,0.14,0.66,0.19999999999999996,0.7052
bert,0.14,0.68,0.17999999999999994,0.7038
bert,0.14,0.7000000000000001,0.15999999999999992,0.7028
bert,0.14,0.72,0.14,0.7008
bert,0.14,0.74,0.12,0.6997000000000001
bert,0.14,0.76,0.09999999999999998,0.6976
bert,0.14,0.78,0.07999999999999996,0.6957000000000001
bert,0.14,0.8,0.05999999999999994,0.6937000000000001
bert,0.14,0.8200000000000001,0.039999999999999925,0.6925
bert,0.14,0.84,0.020000000000000018,0.6912999999999999
bert,0.14,0.86,0.0,0.6871
bert,0.16,0.0,0.84,0.7367999999999999
bert,0.16,0.02,0.82,0.7373
bert,0.16,0.04,0.7999999999999999,0.7385
bert,0.16,0.06,0.78,0.739
bert,0.16,0.08,0.76,0.7387
bert,0.16,0.1,0.74,0.7374
bert,0.16,0.12,0.72,0.7381
bert,0.16,0.14,0.7,0.7362000000000001
bert,0.16,0.16,0.6799999999999999,0.7357
bert,0.16,0.18,0.6599999999999999,0.7351
bert,0.16,0.2,0.6399999999999999,0.7348
bert,0.16,0.22,0.62,0.7327
bert,0.16,0.24,0.6,0.7322000000000001
bert,0.16,0.26,0.58,0.7315
bert,0.16,0.28,0.5599999999999999,0.7302000000000001
bert,0.16,0.3,0.54,0.7287
bert,0.16,0.32,0.52,0.7270999999999999
bert,0.16,0.34,0.49999999999999994,0.7262000000000001
bert,0.16,0.36,0.48,0.7246
bert,0.16,0.38,0.45999999999999996,0.7231000000000001
bert,0.16,0.4,0.43999999999999995,0.722
bert,0.16,0.42,0.42,0.7212999999999999
bert,0.16,0.44,0.39999999999999997,0.7203999999999999
bert,0.16,0.46,0.37999999999999995,0.7195
bert,0.16,0.48,0.36,0.7179000000000001
bert,0.16,0.5,0.33999999999999997,0.7165
bert,0.16,0.52,0.31999999999999995,0.7152000000000001
bert,0.16,0.54,0.29999999999999993,0.7136
bert,0.16,0.56,0.2799999999999999,0.7122999999999999
bert,0.16,0.58,0.26,0.7092999999999999
bert,0.16,0.6,0.24,0.7069000000000001
bert,0.16,0.62,0.21999999999999997,0.7066
bert,0.16,0.64,0.19999999999999996,0.7055
bert,0.16,0.66,0.17999999999999994,0.7041000000000001
bert,0.16,0.68,0.15999999999999992,0.7028
bert,0.16,0.7000000000000001,0.1399999999999999,0.7008000000000001
bert,0.16,0.72,0.12,0.6992
bert,0.16,0.74,0.09999999999999998,0.6977000000000001
bert,0.16,0.76,0.07999999999999996,0.6955
bert,0.16,0.78,0.05999999999999994,0.6938
bert,0.16,0.8,0.039999999999999925,0.6929
bert,0.16,0.8200000000000001,0.019999999999999907,0.6915
bert,0.16,0.84,0.0,0.6869
bert,0.18,0.0,0.8200000000000001,0.7369000000000001
bert,0.18,0.02,0.8,0.7379
bert,0.18,0.04,0.78,0.7385
bert,0.18,0.06,0.76,0.7387
bert,0.18,0.08,0.7400000000000001,0.7371
bert,0.18,0.1,0.7200000000000001,0.7371000000000001
bert,0.18,0.12,0.7000000000000001,0.7358
bert,0.18,0.14,0.68,0.736
bert,0.18,0.16,0.66,0.7347
bert,0.18,0.18,0.6400000000000001,0.7349000000000001
bert,0.18,0.2,0.6200000000000001,0.7323000000000001
bert,0.18,0.22,0.6000000000000001,0.7316
bert,0.18,0.24,0.5800000000000001,0.7309000000000001
bert,0.18,0.26,0.56,0.7299
bert,0.18,0.28,0.54,0.7293
bert,0.18,0.3,0.52,0.7269000000000001
bert,0.18,0.32,0.5,0.7261
bert,0.18,0.34,0.48000000000000004,0.7247
bert,0.18,0.36,0.4600000000000001,0.7232000000000001
bert,0.18,0.38,0.44000000000000006,0.722
bert,0.18,0.4,0.42000000000000004,0.7212999999999999
bert,0.18,0.42,0.4000000000000001,0.7201000000000001
bert,0.18,0.44,0.38000000000000006,0.7195999999999999
bert,0.18,0.46,0.36000000000000004,0.7183
bert,0.18,0.48,0.3400000000000001,0.7165
bert,0.18,0.5,0.32000000000000006,0.715
bert,0.18,0.52,0.30000000000000004,0.7134000000000001
bert,0.18,0.54,0.28,0.7121
bert,0.18,0.56,0.26,0.7101000000000001
bert,0.18,0.58,0.2400000000000001,0.707
bert,0.18,0.6,0.22000000000000008,0.7065
bert,0.18,0.62,0.20000000000000007,0.7054000000000001
bert,0.18,0.64,0.18000000000000005,0.7044
bert,0.18,0.66,0.16000000000000003,0.7027
bert,0.18,0.68,0.14,0.7012999999999999
bert,0.18,0.7000000000000001,0.12,0.6993
bert,0.18,0.72,0.10000000000000009,0.6974000000000001
bert,0.18,0.74,0.08000000000000007,0.6955
bert,0.18,0.76,0.06000000000000005,0.6945
bert,0.18,0.78,0.040000000000000036,0.6932
bert,0.18,0.8,0.020000000000000018,0.6908
bert,0.18,0.8200000000000001,0.0,0.6856
bert,0.2,0.0,0.8,0.7377
bert,0.2,0.02,0.78,0.7383000000000001
bert,0.2,0.04,0.76,0.7384000000000001
bert,0.2,0.06,0.74,0.7369000000000001
bert,0.2,0.08,0.7200000000000001,0.7373999999999999
bert,0.2,0.1,0.7000000000000001,0.7361
bert,0.2,0.12,0.68,0.7358
bert,0.2,0.14,0.66,0.7355
bert,0.2,0.16,0.64,0.7347
bert,0.2,0.18,0.6200000000000001,0.7325999999999999
bert,0.2,0.2,0.6000000000000001,0.7315
bert,0.2,0.22,0.5800000000000001,0.7308
bert,0.2,0.24,0.56,0.7299000000000001
bert,0.2,0.26,0.54,0.7292000000000001
bert,0.2,0.28,0.52,0.7267
bert,0.2,0.3,0.5,0.7258
bert,0.2,0.32,0.48000000000000004,0.7245
bert,0.2,0.34,0.46,0.7229
bert,0.2,0.36,0.44000000000000006,0.7219
bert,0.2,0.38,0.42000000000000004,0.7212000000000001
bert,0.2,0.4,0.4,0.7202000000000001
bert,0.2,0.42,0.38000000000000006,0.7196
bert,0.2,0.44,0.36000000000000004,0.7182000000000001
bert,0.2,0.46,0.34,0.7172
bert,0.2,0.48,0.32000000000000006,0.7151000000000001
bert,0.2,0.5,0.30000000000000004,0.7131
bert,0.2,0.52,0.28,0.712
bert,0.2,0.54,0.26,0.7103
bert,0.2,0.56,0.24,0.7076
bert,0.2,0.58,0.22000000000000008,0.7054
bert,0.2,0.6,0.20000000000000007,0.7052999999999999
bert,0.2,0.62,0.18000000000000005,0.7047
bert,0.2,0.64,0.16000000000000003,0.7022999999999999
bert,0.2,0.66,0.14,0.7011000000000001
bert,0.2,0.68,0.12,0.6991
bert,0.2,0.7000000000000001,0.09999999999999998,0.6976
bert,0.2,0.72,0.08000000000000007,0.6955999999999999
bert,0.2,0.74,0.06000000000000005,0.6945
bert,0.2,0.76,0.040000000000000036,0.6933
bert,0.2,0.78,0.020000000000000018,0.6911
bert,0.2,0.8,0.0,0.6877000000000001
bert,0.22,0.0,0.78,0.7384000000000001
bert,0.22,0.02,0.76,0.7378000000000001
bert,0.22,0.04,0.74,0.7373
bert,0.22,0.06,0.72,0.7369
bert,0.22,0.08,0.7000000000000001,0.7363
bert,0.22,0.1,0.68,0.7358
bert,0.22,0.12,0.66,0.7359
bert,0.22,0.14,0.64,0.7344
bert,0.22,0.16,0.62,0.7328
bert,0.22,0.18,0.6000000000000001,0.7314
bert,0.22,0.2,0.5800000000000001,0.7308
bert,0.22,0.22,0.56,0.7298000000000001
bert,0.22,0.24,0.54,0.7292000000000001
bert,0.22,0.26,0.52,0.7273
bert,0.22,0.28,0.5,0.7253999999999999
bert,0.22,0.3,0.48000000000000004,0.7242000000000001
bert,0.22,0.32,0.46,0.723
bert,0.22,0.34,0.44,0.7222000000000001
bert,0.22,0.36,0.42000000000000004,0.7212
bert,0.22,0.38,0.4,0.7201000000000001
bert,0.22,0.4,0.38,0.7196
bert,0.22,0.42,0.36000000000000004,0.7183999999999999
bert,0.22,0.44,0.34,0.7173999999999999
bert,0.22,0.46,0.32,0.7157
bert,0.22,0.48,0.30000000000000004,0.7132000000000001
bert,0.22,0.5,0.28,0.7123
bert,0.22,0.52,0.26,0.7101000000000001
bert,0.22,0.54,0.24,0.7078000000000001
bert,0.22,0.56,0.21999999999999997,0.7059
bert,0.22,0.58,0.20000000000000007,0.7051999999999999
bert,0.22,0.6,0.18000000000000005,0.7049
bert,0.22,0.62,0.16000000000000003,0.7025
bert,0.22,0.64,0.14,0.7012999999999999
bert,0.22,0.66,0.12,0.6986999999999999
bert,0.22,0.68,0.09999999999999998,0.6975
bert,0.22,0.7000000000000001,0.07999999999999996,0.6961
bert,0.22,0.72,0.06000000000000005,0.6945
bert,0.22,0.74,0.040000000000000036,0.6932
bert,0.22,0.76,0.020000000000000018,0.6910999999999999
bert,0.22,0.78,0.0,0.6891
bert,0.24,0.0,0.76,0.7373
bert,0.24,0.02,0.74,0.7377
bert,0.24,0.04,0.72,0.7371000000000001
bert,0.24,0.06,0.7,0.7366
bert,0.24,0.08,0.68,0.7355
bert,0.24,0.1,0.66,0.7360999999999999
bert,0.24,0.12,0.64,0.7342000000000001
bert,0.24,0.14,0.62,0.7327
bert,0.24,0.16,0.6,0.7308
bert,0.24,0.18,0.5800000000000001,0.7308
bert,0.24,0.2,0.56,0.7297
bert,0.24,0.22,0.54,0.7292000000000001
bert,0.24,0.24,0.52,0.7276
bert,0.24,0.26,0.5,0.7256
bert,0.24,0.28,0.48,0.7242000000000001
bert,0.24,0.3,0.46,0.7226
bert,0.24,0.32,0.44,0.7222999999999999
bert,0.24,0.34,0.42,0.7211000000000001
bert,0.24,0.36,0.4,0.7201000000000001
bert,0.24,0.38,0.38,0.7192000000000001
bert,0.24,0.4,0.36,0.7179
bert,0.24,0.42,0.34,0.7174
bert,0.24,0.44,0.32,0.7158
bert,0.24,0.46,0.3,0.7135999999999999
bert,0.24,0.48,0.28,0.7119
bert,0.24,0.5,0.26,0.7105
bert,0.24,0.52,0.24,0.7079000000000001
bert,0.24,0.54,0.21999999999999997,0.7057
bert,0.24,0.56,0.19999999999999996,0.7052
bert,0.24,0.58,0.18000000000000005,0.7046999999999999
bert,0.24,0.6,0.16000000000000003,0.7032
bert,0.24,0.62,0.14,0.7015
bert,0.24,0.64,0.12,0.6992999999999999
bert,0.24,0.66,0.09999999999999998,0.6974000000000001
bert,0.24,0.68,0.07999999999999996,0.6962
bert,0.24,0.7000000000000001,0.05999999999999994,0.695
bert,0.24,0.72,0.040000000000000036,0.6936
bert,0.24,0.74,0.020000000000000018,0.6917000000000001
bert,0.24,0.76,0.0,0.6878
bert,0.26,0.0,0.74,0.7376
bert,0.26,0.02,0.72,0.7372000000000001
bert,0.26,0.04,0.7,0.7367
bert,0.26,0.06,0.6799999999999999,0.7355
bert,0.26,0.08,0.66,0.7352000000000001
bert,0.26,0.1,0.64,0.7345
bert,0.26,0.12,0.62,0.7333999999999999
bert,0.26,0.14,0.6,0.7312000000000001
bert,0.26,0.16,0.58,0.7313
bert,0.26,0.18,0.56,0.73
bert,0.26,0.2,0.54,0.7294
bert,0.26,0.22,0.52,0.7273
bert,0.26,0.24,0.5,0.7259000000000001
bert,0.26,0.26,0.48,0.7244
bert,0.26,0.28,0.45999999999999996,0.723
bert,0.26,0.3,0.44,0.7222000000000001
bert,0.26,0.32,0.42,0.7208999999999999
bert,0.26,0.34,0.39999999999999997,0.7202000000000001
bert,0.26,0.36,0.38,0.7192999999999999
bert,0.26,0.38,0.36,0.7176
bert,0.26,0.4,0.33999999999999997,0.7172999999999999
bert,0.26,0.42,0.32,0.716
bert,0.26,0.44,0.3,0.7135
bert,0.26,0.46,0.27999999999999997,0.7119
bert,0.26,0.48,0.26,0.7109000000000001
bert,0.26,0.5,0.24,0.7075999999999999
bert,0.26,0.52,0.21999999999999997,0.7059000000000001
bert,0.26,0.54,0.19999999999999996,0.7051
bert,0.26,0.56,0.17999999999999994,0.7046
bert,0.26,0.58,0.16000000000000003,0.7034000000000001
bert,0.26,0.6,0.14,0.7018
bert,0.26,0.62,0.12,0.6996
bert,0.26,0.64,0.09999999999999998,0.6977000000000001
bert,0.26,0.66,0.07999999999999996,0.697
bert,0.26,0.68,0.05999999999999994,0.6952999999999999
bert,0.26,0.7000000000000001,0.039999999999999925,0.6935
bert,0.26,0.72,0.020000000000000018,0.6915999999999999
bert,0.26,0.74,0.0,0.6874
bert,0.28,0.0,0.72,0.737
bert,0.28,0.02,0.7,0.737
bert,0.28,0.04,0.6799999999999999,0.7357
bert,0.28,0.06,0.6599999999999999,0.7353
bert,0.28,0.08,0.64,0.7342000000000001
bert,0.28,0.1,0.62,0.7336
bert,0.28,0.12,0.6,0.732
bert,0.28,0.14,0.58,0.7311
bert,0.28,0.16,0.5599999999999999,0.7295
bert,0.28,0.18,0.54,0.7294
bert,0.28,0.2,0.52,0.7278
bert,0.28,0.22,0.5,0.7258
bert,0.28,0.24,0.48,0.7243
bert,0.28,0.26,0.45999999999999996,0.7230999999999999
bert,0.28,0.28,0.43999999999999995,0.7222999999999999
bert,0.28,0.3,0.42,0.7212
bert,0.28,0.32,0.39999999999999997,0.72
bert,0.28,0.34,0.37999999999999995,0.7188
bert,0.28,0.36,0.36,0.7177
bert,0.28,0.38,0.33999999999999997,0.7171000000000001
bert,0.28,0.4,0.31999999999999995,0.7157
bert,0.28,0.42,0.3,0.7139
bert,0.28,0.44,0.27999999999999997,0.712
bert,0.28,0.46,0.25999999999999995,0.7106
bert,0.28,0.48,0.24,0.7076000000000001
bert,0.28,0.5,0.21999999999999997,0.7062
bert,0.28,0.52,0.19999999999999996,0.705
bert,0.28,0.54,0.17999999999999994,0.705
bert,0.28,0.56,0.15999999999999992,0.7035
bert,0.28,0.58,0.14,0.7018
bert,0.28,0.6,0.12,0.6999000000000001
bert,0.28,0.62,0.09999999999999998,0.6979000000000001
bert,0.28,0.64,0.07999999999999996,0.6971
bert,0.28,0.66,0.05999999999999994,0.6954
bert,0.28,0.68,0.039999999999999925,0.6934000000000001
bert,0.28,0.7000000000000001,0.019999999999999907,0.6912999999999999
bert,0.28,0.72,0.0,0.687
bert,0.3,0.0,0.7,0.7367999999999999
bert,0.3,0.02,0.6799999999999999,0.7359000000000001
bert,0.3,0.04,0.6599999999999999,0.7354
bert,0.3,0.06,0.6399999999999999,0.7341
bert,0.3,0.08,0.62,0.7328
bert,0.3,0.1,0.6,0.7322000000000001
bert,0.3,0.12,0.58,0.7314
bert,0.3,0.14,0.5599999999999999,0.7295999999999999
bert,0.3,0.16,0.5399999999999999,0.7295
bert,0.3,0.18,0.52,0.7278
bert,0.3,0.2,0.49999999999999994,0.7253
bert,0.3,0.22,0.48,0.7245
bert,0.3,0.24,0.45999999999999996,0.7232999999999999
bert,0.3,0.26,0.43999999999999995,0.7222999999999999
bert,0.3,0.28,0.41999999999999993,0.7217
bert,0.3,0.3,0.39999999999999997,0.7195
bert,0.3,0.32,0.37999999999999995,0.7188
bert,0.3,0.34,0.35999999999999993,0.7176999999999999
bert,0.3,0.36,0.33999999999999997,0.7165999999999999
bert,0.3,0.38,0.31999999999999995,0.7159
bert,0.3,0.4,0.29999999999999993,0.7138
bert,0.3,0.42,0.27999999999999997,0.712
bert,0.3,0.44,0.25999999999999995,0.7104
bert,0.3,0.46,0.23999999999999994,0.7081000000000001
bert,0.3,0.48,0.21999999999999997,0.7065
bert,0.3,0.5,0.19999999999999996,0.7049000000000001
bert,0.3,0.52,0.17999999999999994,0.7047
bert,0.3,0.54,0.15999999999999992,0.7034000000000001
bert,0.3,0.56,0.1399999999999999,0.7014
bert,0.3,0.58,0.12,0.6998000000000001
bert,0.3,0.6,0.09999999999999998,0.6985
bert,0.3,0.62,0.07999999999999996,0.6972
bert,0.3,0.64,0.05999999999999994,0.6952999999999999
bert,0.3,0.66,0.039999999999999925,0.6932999999999999
bert,0.3,0.68,0.019999999999999907,0.6914
bert,0.32,0.0,0.6799999999999999,0.7361
bert,0.32,0.02,0.6599999999999999,0.735
bert,0.32,0.04,0.6399999999999999,0.7339000000000001
bert,0.32,0.06,0.6199999999999999,0.7321
bert,0.32,0.08,0.6,0.7315
bert,0.32,0.1,0.58,0.7317
bert,0.32,0.12,0.5599999999999999,0.7296
bert,0.32,0.14,0.5399999999999999,0.7294
bert,0.32,0.16,0.5199999999999999,0.7279000000000001
bert,0.32,0.18,0.49999999999999994,0.7261
bert,0.32,0.2,0.4799999999999999,0.7249
bert,0.32,0.22,0.45999999999999996,0.7232000000000001
bert,0.32,0.24,0.43999999999999995,0.7222000000000001
bert,0.32,0.26,0.41999999999999993,0.7215
bert,0.32,0.28,0.3999999999999999,0.7199
bert,0.32,0.3,0.37999999999999995,0.7189
bert,0.32,0.32,0.35999999999999993,0.718
bert,0.32,0.34,0.3399999999999999,0.7171000000000001
bert,0.32,0.36,0.31999999999999995,0.7155
bert,0.32,0.38,0.29999999999999993,0.7145
bert,0.32,0.4,0.2799999999999999,0.7126
bert,0.32,0.42,0.25999999999999995,0.7108
bert,0.32,0.44,0.23999999999999994,0.7085999999999999
bert,0.32,0.46,0.21999999999999992,0.7066
bert,0.32,0.48,0.19999999999999996,0.7051000000000001
bert,0.32,0.5,0.17999999999999994,0.7047
bert,0.32,0.52,0.15999999999999992,0.7031999999999999
bert,0.32,0.54,0.1399999999999999,0.7014
bert,0.32,0.56,0.11999999999999988,0.6995999999999999
bert,0.32,0.58,0.09999999999999998,0.6982
bert,0.32,0.6,0.07999999999999996,0.6969000000000001
bert,0.32,0.62,0.05999999999999994,0.6955
bert,0.32,0.64,0.039999999999999925,0.6932999999999999
bert,0.32,0.66,0.019999999999999907,0.6915
bert,0.34,0.0,0.6599999999999999,0.7351
bert,0.34,0.02,0.6399999999999999,0.7335
bert,0.34,0.04,0.6199999999999999,0.7327
bert,0.34,0.06,0.5999999999999999,0.7313
bert,0.34,0.08,0.58,0.7308
bert,0.34,0.1,0.5599999999999999,0.7296
bert,0.34,0.12,0.5399999999999999,0.7293
bert,0.34,0.14,0.5199999999999999,0.7278
bert,0.34,0.16,0.4999999999999999,0.7265999999999999
bert,0.34,0.18,0.4799999999999999,0.7250000000000001
bert,0.34,0.2,0.4599999999999999,0.724
bert,0.34,0.22,0.43999999999999995,0.7223
bert,0.34,0.24,0.41999999999999993,0.7215999999999999
bert,0.34,0.26,0.3999999999999999,0.72
bert,0.34,0.28,0.3799999999999999,0.7185999999999999
bert,0.34,0.3,0.35999999999999993,0.7177
bert,0.34,0.32,0.3399999999999999,0.7175
bert,0.34,0.34,0.3199999999999999,0.716
bert,0.34,0.36,0.29999999999999993,0.714
bert,0.34,0.38,0.2799999999999999,0.7132000000000001
bert,0.34,0.4,0.2599999999999999,0.7113
bert,0.34,0.42,0.23999999999999994,0.7092
bert,0.34,0.44,0.21999999999999992,0.7071
bert,0.34,0.46,0.1999999999999999,0.7053
bert,0.34,0.48,0.17999999999999994,0.7042999999999999
bert,0.34,0.5,0.15999999999999992,0.7031000000000001
bert,0.34,0.52,0.1399999999999999,0.7015
bert,0.34,0.54,0.11999999999999988,0.7002
bert,0.34,0.56,0.09999999999999987,0.6982
bert,0.34,0.58,0.07999999999999996,0.6972
bert,0.34,0.6,0.05999999999999994,0.6954
bert,0.34,0.62,0.039999999999999925,0.6934000000000001
bert,0.34,0.64,0.019999999999999907,0.6916
bert,0.36,0.0,0.64,0.7336
bert,0.36,0.02,0.62,0.7324
bert,0.36,0.04,0.6,0.7314
bert,0.36,0.06,0.5800000000000001,0.7303999999999999
bert,0.36,0.08,0.56,0.7293
bert,0.36,0.1,0.54,0.7285
bert,0.36,0.12,0.52,0.7279000000000001
bert,0.36,0.14,0.5,0.7265
bert,0.36,0.16,0.48,0.7251000000000001
bert,0.36,0.18,0.46,0.7234
bert,0.36,0.2,0.44,0.7224
bert,0.36,0.22,0.42000000000000004,0.7218
bert,0.36,0.24,0.4,0.7204
bert,0.36,0.26,0.38,0.719
bert,0.36,0.28,0.36,0.718
bert,0.36,0.3,0.34,0.7173999999999999
bert,0.36,0.32,0.32,0.7164
bert,0.36,0.34,0.3,0.7142
bert,0.36,0.36,0.28,0.7133
bert,0.36,0.38,0.26,0.712
bert,0.36,0.4,0.24,0.7094
bert,0.36,0.42,0.22000000000000003,0.7072
bert,0.36,0.44,0.2,0.7061
bert,0.36,0.46,0.18,0.7042
bert,0.36,0.48,0.16000000000000003,0.7032
bert,0.36,0.5,0.14,0.7012
bert,0.36,0.52,0.12,0.7
bert,0.36,0.54,0.09999999999999998,0.698
bert,0.36,0.56,0.07999999999999996,0.697
bert,0.36,0.58,0.06000000000000005,0.6952
bert,0.36,0.6,0.040000000000000036,0.6937000000000001
bert,0.36,0.62,0.020000000000000018,0.6919000000000001
bert,0.36,0.64,0.0,0.6876
bert,0.38,0.0,0.62,0.7322000000000001
bert,0.38,0.02,0.6,0.731
bert,0.38,0.04,0.58,0.7301
bert,0.38,0.06,0.56,0.7289
bert,0.38,0.08,0.54,0.7282000000000001
bert,0.38,0.1,0.52,0.7279000000000001
bert,0.38,0.12,0.5,0.7263
bert,0.38,0.14,0.48,0.7252000000000001
bert,0.38,0.16,0.45999999999999996,0.7238
bert,0.38,0.18,0.44,0.7223999999999999
bert,0.38,0.2,0.42,0.7216
bert,0.38,0.22,0.4,0.7202999999999999
bert,0.38,0.24,0.38,0.7188000000000001
bert,0.38,0.26,0.36,0.7176
bert,0.38,0.28,0.33999999999999997,0.7167
bert,0.38,0.3,0.32,0.7161000000000001
bert,0.38,0.32,0.3,0.7145
bert,0.38,0.34,0.27999999999999997,0.7132999999999999
bert,0.38,0.36,0.26,0.7122
bert,0.38,0.38,0.24,0.7098000000000001
bert,0.38,0.4,0.21999999999999997,0.7072
bert,0.38,0.42,0.2,0.7065
bert,0.38,0.44,0.18,0.7047
bert,0.38,0.46,0.15999999999999998,0.7031
bert,0.38,0.48,0.14,0.7014
bert,0.38,0.5,0.12,0.7
bert,0.38,0.52,0.09999999999999998,0.6983
bert,0.38,0.54,0.07999999999999996,0.6972
bert,0.38,0.56,0.05999999999999994,0.6951
bert,0.38,0.58,0.040000000000000036,0.694
bert,0.38,0.6,0.020000000000000018,0.6922
bert,0.38,0.62,0.0,0.6879000000000001
bert,0.4,0.0,0.6,0.7308000000000001
bert,0.4,0.02,0.58,0.7297
bert,0.4,0.04,0.5599999999999999,0.7293999999999999
bert,0.4,0.06,0.54,0.7288
bert,0.4,0.08,0.52,0.7282000000000001
bert,0.4,0.1,0.5,0.7262000000000001
bert,0.4,0.12,0.48,0.7249
bert,0.4,0.14,0.45999999999999996,0.7239000000000001
bert,0.4,0.16,0.43999999999999995,0.7225
bert,0.4,0.18,0.42,0.7218000000000001
bert,0.4,0.2,0.39999999999999997,0.7202000000000001
bert,0.4,0.22,0.38,0.7188000000000001
bert,0.4,0.24,0.36,0.718
bert,0.4,0.26,0.33999999999999997,0.7168000000000001
bert,0.4,0.28,0.31999999999999995,0.7162000000000001
bert,0.4,0.3,0.3,0.7146
bert,0.4,0.32,0.27999999999999997,0.7134000000000001
bert,0.4,0.34,0.25999999999999995,0.7119
bert,0.4,0.36,0.24,0.7101000000000001
bert,0.4,0.38,0.21999999999999997,0.7077
bert,0.4,0.4,0.19999999999999996,0.7066
bert,0.4,0.42,0.18,0.705
bert,0.4,0.44,0.15999999999999998,0.7037
bert,0.4,0.46,0.13999999999999996,0.7015999999999999
bert,0.4,0.48,0.12,0.6997000000000001
bert,0.4,0.5,0.09999999999999998,0.6989
bert,0.4,0.52,0.07999999999999996,0.6977000000000001
bert,0.4,0.54,0.05999999999999994,0.6959
bert,0.4,0.56,0.039999999999999925,0.6941000000000002
bert,0.4,0.58,0.020000000000000018,0.6925
bert,0.4,0.6,0.0,0.6883
bert,0.42,0.0,0.5800000000000001,0.7296
bert,0.42,0.02,0.56,0.7293
bert,0.42,0.04,0.54,0.7288
bert,0.42,0.06,0.52,0.7278
bert,0.42,0.08,0.5000000000000001,0.7263000000000001
bert,0.42,0.1,0.4800000000000001,0.725
bert,0.42,0.12,0.4600000000000001,0.7236
bert,0.42,0.14,0.44000000000000006,0.7226
bert,0.42,0.16,0.42000000000000004,0.7215
bert,0.42,0.18,0.4000000000000001,0.7202000000000001
bert,0.42,0.2,0.38000000000000006,0.7182999999999999
bert,0.42,0.22,0.3600000000000001,0.7182000000000001
bert,0.42,0.24,0.3400000000000001,0.7168
bert,0.42,0.26,0.32000000000000006,0.716
bert,0.42,0.28,0.30000000000000004,0.715
bert,0.42,0.3,0.2800000000000001,0.7132999999999999
bert,0.42,0.32,0.26000000000000006,0.7122999999999999
bert,0.42,0.34,0.24000000000000005,0.7101000000000001
bert,0.42,0.36,0.22000000000000008,0.7078000000000001
bert,0.42,0.38,0.20000000000000007,0.7065
bert,0.42,0.4,0.18000000000000005,0.7054
bert,0.42,0.42,0.1600000000000001,0.7032
bert,0.42,0.44,0.14000000000000007,0.7019000000000001
bert,0.42,0.46,0.12000000000000005,0.7001000000000001
bert,0.42,0.48,0.10000000000000009,0.6991
bert,0.42,0.5,0.08000000000000007,0.6979
bert,0.42,0.52,0.06000000000000005,0.6964000000000001
bert,0.42,0.54,0.040000000000000036,0.6945
bert,0.42,0.56,0.020000000000000018,0.6924000000000001
bert,0.42,0.58,1.1102230246251565e-16,0.6882999999999999
bert,0.44,0.0,0.56,0.7291
bert,0.44,0.02,0.54,0.7279000000000001
bert,0.44,0.04,0.52,0.7274
bert,0.44,0.06,0.5,0.7267
bert,0.44,0.08,0.48000000000000004,0.7253000000000001
bert,0.44,0.1,0.4600000000000001,0.7236
bert,0.44,0.12,0.44000000000000006,0.7227
bert,0.44,0.14,0.42000000000000004,0.7213999999999999
bert,0.44,0.16,0.4,0.7196
bert,0.44,0.18,0.38000000000000006,0.7189000000000001
bert,0.44,0.2,0.36000000000000004,0.7178
bert,0.44,0.22,0.3400000000000001,0.7168
bert,0.44,0.24,0.32000000000000006,0.7157
bert,0.44,0.26,0.30000000000000004,0.7142999999999999
bert,0.44,0.28,0.28,0.7134000000000001
bert,0.44,0.3,0.26000000000000006,0.7117
bert,0.44,0.32,0.24000000000000005,0.7102999999999999
bert,0.44,0.34,0.22000000000000003,0.7079
bert,0.44,0.36,0.20000000000000007,0.7062999999999999
bert,0.44,0.38,0.18000000000000005,0.7052
bert,0.44,0.4,0.16000000000000003,0.7025
bert,0.44,0.42,0.14000000000000007,0.7022999999999999
bert,0.44,0.44,0.12000000000000005,0.7002999999999999
bert,0.44,0.46,0.10000000000000003,0.6994000000000001
bert,0.44,0.48,0.08000000000000007,0.6980999999999999
bert,0.44,0.5,0.06000000000000005,0.6967
bert,0.44,0.52,0.040000000000000036,0.6942
bert,0.44,0.54,0.020000000000000018,0.6927000000000001
bert,0.44,0.56,0.0,0.6881
bert,0.46,0.0,0.54,0.7279
bert,0.46,0.02,0.52,0.7268000000000001
bert,0.46,0.04,0.5,0.7264
bert,0.46,0.06,0.48000000000000004,0.7253999999999999
bert,0.46,0.08,0.46,0.7242000000000001
bert,0.46,0.1,0.44000000000000006,0.7225999999999999
bert,0.46,0.12,0.42000000000000004,0.7213999999999999
bert,0.46,0.14,0.4,0.7196
bert,0.46,0.16,0.38,0.7187
bert,0.46,0.18,0.36000000000000004,0.7173999999999999
bert,0.46,0.2,0.34,0.7168
bert,0.46,0.22,0.32000000000000006,0.7159
bert,0.46,0.24,0.30000000000000004,0.7146999999999999
bert,0.46,0.26,0.28,0.7136999999999999
bert,0.46,0.28,0.26,0.7118
bert,0.46,0.3,0.24000000000000005,0.7102
bert,0.46,0.32,0.22000000000000003,0.7083
bert,0.46,0.34,0.2,0.7061000000000001
bert,0.46,0.36,0.18000000000000005,0.7051000000000002
bert,0.46,0.38,0.16000000000000003,0.703
bert,0.46,0.4,0.14,0.7022999999999999
bert,0.46,0.42,0.12000000000000005,0.7007000000000001
bert,0.46,0.44,0.10000000000000003,0.6997000000000001
bert,0.46,0.46,0.08000000000000002,0.6984
bert,0.46,0.48,0.06000000000000005,0.6968000000000001
bert,0.46,0.5,0.040000000000000036,0.6945
bert,0.46,0.52,0.020000000000000018,0.6928
bert,0.46,0.54,0.0,0.6878
bert,0.48,0.0,0.52,0.7268
bert,0.48,0.02,0.5,0.7258000000000001
bert,0.48,0.04,0.48000000000000004,0.7255
bert,0.48,0.06,0.46,0.7241000000000001
bert,0.48,0.08,0.44,0.7229000000000001
bert,0.48,0.1,0.42000000000000004,0.7221000000000001
bert,0.48,0.12,0.4,0.72
bert,0.48,0.14,0.38,0.7182000000000001
bert,0.48,0.16,0.36,0.7172000000000001
bert,0.48,0.18,0.34,0.7164
bert,0.48,0.2,0.32,0.7155
bert,0.48,0.22,0.30000000000000004,0.7142999999999999
bert,0.48,0.24,0.28,0.7134000000000001
bert,0.48,0.26,0.26,0.7112999999999999
bert,0.48,0.28,0.24,0.71
bert,0.48,0.3,0.22000000000000003,0.7085
bert,0.48,0.32,0.2,0.7062999999999999
bert,0.48,0.34,0.18,0.7055999999999999
bert,0.48,0.36,0.16000000000000003,0.7036999999999999
bert,0.48,0.38,0.14,0.7021000000000001
bert,0.48,0.4,0.12,0.7011
bert,0.48,0.42,0.10000000000000003,0.7003
bert,0.48,0.44,0.08000000000000002,0.6983999999999999
bert,0.48,0.46,0.06,0.6968
bert,0.48,0.48,0.040000000000000036,0.6945999999999999
bert,0.48,0.5,0.020000000000000018,0.6928
bert,0.48,0.52,0.0,0.6871
bert,0.5,0.0,0.5,0.7263
bert,0.5,0.02,0.48,0.7255999999999999
bert,0.5,0.04,0.46,0.7241000000000001
bert,0.5,0.06,0.44,0.723
bert,0.5,0.08,0.42,0.7222000000000001
bert,0.5,0.1,0.4,0.7195999999999999
bert,0.5,0.12,0.38,0.7183999999999999
bert,0.5,0.14,0.36,0.7164
bert,0.5,0.16,0.33999999999999997,0.716
bert,0.5,0.18,0.32,0.7151000000000001
bert,0.5,0.2,0.3,0.7143999999999999
bert,0.5,0.22,0.28,0.7131000000000001
bert,0.5,0.24,0.26,0.7115
bert,0.5,0.26,0.24,0.7098
bert,0.5,0.28,0.21999999999999997,0.7088
bert,0.5,0.3,0.2,0.7068
bert,0.5,0.32,0.18,0.7055
bert,0.5,0.34,0.15999999999999998,0.7041000000000001
bert,0.5,0.36,0.14,0.7014000000000001
bert,0.5,0.38,0.12,0.7012999999999999
bert,0.5,0.4,0.09999999999999998,0.7001000000000001
bert,0.5,0.42,0.08000000000000002,0.6984000000000001
bert,0.5,0.44,0.06,0.6968
bert,0.5,0.46,0.03999999999999998,0.6945
bert,0.5,0.48,0.020000000000000018,0.693
bert,0.5,0.5,0.0,0.6884
bert,0.52,0.0,0.48,0.7251000000000001
bert,0.52,0.02,0.45999999999999996,0.7248000000000001
bert,0.52,0.04,0.44,0.7236
bert,0.52,0.06,0.42,0.7229000000000001
bert,0.52,0.08,0.39999999999999997,0.7199000000000001
bert,0.52,0.1,0.38,0.718
bert,0.52,0.12,0.36,0.7165999999999999
bert,0.52,0.14,0.33999999999999997,0.7155999999999999
bert,0.52,0.16,0.31999999999999995,0.7147
bert,0.52,0.18,0.3,0.7143
bert,0.52,0.2,0.27999999999999997,0.7132999999999999
bert,0.52,0.22,0.26,0.7117
bert,0.52,0.24,0.24,0.7102
bert,0.52,0.26,0.21999999999999997,0.7092
bert,0.52,0.28,0.19999999999999996,0.707
bert,0.52,0.3,0.18,0.7055
bert,0.52,0.32,0.15999999999999998,0.704
bert,0.52,0.34,0.13999999999999996,0.7021000000000001
bert,0.52,0.36,0.12,0.7016
bert,0.52,0.38,0.09999999999999998,0.7005
bert,0.52,0.4,0.07999999999999996,0.6985999999999999
bert,0.52,0.42,0.06,0.6971
bert,0.52,0.44,0.03999999999999998,0.6947
bert,0.52,0.46,0.019999999999999962,0.6932999999999999
bert,0.52,0.48,0.0,0.6896
bert,0.54,0.0,0.45999999999999996,0.7248
bert,0.54,0.02,0.43999999999999995,0.723
bert,0.54,0.04,0.42,0.7222000000000001
bert,0.54,0.06,0.39999999999999997,0.72
bert,0.54,0.08,0.37999999999999995,0.7175999999999999
bert,0.54,0.1,0.36,0.7169000000000001
bert,0.54,0.12,0.33999999999999997,0.7154
bert,0.54,0.14,0.31999999999999995,0.7146
bert,0.54,0.16,0.29999999999999993,0.7142000000000001
bert,0.54,0.18,0.27999999999999997,0.7131000000000001
bert,0.54,0.2,0.25999999999999995,0.712
bert,0.54,0.22,0.23999999999999996,0.711
bert,0.54,0.24,0.21999999999999997,0.7096
bert,0.54,0.26,0.19999999999999996,0.7075
bert,0.54,0.28,0.17999999999999994,0.7055
bert,0.54,0.3,0.15999999999999998,0.7042
bert,0.54,0.32,0.13999999999999996,0.7028
bert,0.54,0.34,0.11999999999999994,0.7017
bert,0.54,0.36,0.09999999999999998,0.7009000000000001
bert,0.54,0.38,0.07999999999999996,0.6992
bert,0.54,0.4,0.05999999999999994,0.6972
bert,0.54,0.42,0.03999999999999998,0.6949000000000001
bert,0.54,0.44,0.019999999999999962,0.6937000000000001
bert,0.56,0.0,0.43999999999999995,0.7231000000000001
bert,0.56,0.02,0.41999999999999993,0.7222000000000001
bert,0.56,0.04,0.39999999999999997,0.7201000000000001
bert,0.56,0.06,0.37999999999999995,0.7175
bert,0.56,0.08,0.35999999999999993,0.7172999999999999
bert,0.56,0.1,0.33999999999999997,0.7157
bert,0.56,0.12,0.31999999999999995,0.7149000000000001
bert,0.56,0.14,0.29999999999999993,0.7138
bert,0.56,0.16,0.2799999999999999,0.7132000000000001
bert,0.56,0.18,0.25999999999999995,0.7124000000000001
bert,0.56,0.2,0.23999999999999994,0.7104000000000001
bert,0.56,0.22,0.21999999999999995,0.7094
bert,0.56,0.24,0.19999999999999996,0.7075
bert,0.56,0.26,0.17999999999999994,0.7055
bert,0.56,0.28,0.15999999999999992,0.7041000000000001
bert,0.56,0.3,0.13999999999999996,0.7031000000000001
bert,0.56,0.32,0.11999999999999994,0.7012999999999999
bert,0.56,0.34,0.09999999999999992,0.7008
bert,0.56,0.36,0.07999999999999996,0.6992
bert,0.56,0.38,0.05999999999999994,0.6970999999999999
bert,0.56,0.4,0.039999999999999925,0.6952
bert,0.56,0.42,0.019999999999999962,0.6935
bert,0.58,0.0,0.42000000000000004,0.7221000000000001
bert,0.58,0.02,0.4,0.7192000000000001
bert,0.58,0.04,0.38000000000000006,0.7177
bert,0.58,0.06,0.36000000000000004,0.7168000000000001
bert,0.58,0.08,0.34,0.7158000000000001
bert,0.58,0.1,0.32000000000000006,0.7149000000000001
bert,0.58,0.12,0.30000000000000004,0.714
bert,0.58,0.14,0.28,0.7135
bert,0.58,0.16,0.26,0.7127
bert,0.58,0.18,0.24000000000000005,0.7104000000000001
bert,0.58,0.2,0.22000000000000003,0.7096
bert,0.58,0.22,0.20000000000000004,0.7077
bert,0.58,0.24,0.18000000000000005,0.7059000000000001
bert,0.58,0.26,0.16000000000000003,0.7038000000000001
bert,0.58,0.28,0.14,0.7036
bert,0.58,0.3,0.12000000000000005,0.7021000000000001
bert,0.58,0.32,0.10000000000000003,0.7008
bert,0.58,0.34,0.08000000000000002,0.6997000000000001
bert,0.58,0.36,0.06000000000000005,0.6972
bert,0.58,0.38,0.040000000000000036,0.6952
bert,0.58,0.4,0.020000000000000018,0.6934
bert,0.58,0.42,5.551115123125783e-17,0.6885
bert,0.6,0.0,0.4,0.7192000000000001
bert,0.6,0.02,0.38,0.7179
bert,0.6,0.04,0.36000000000000004,0.7165999999999999
bert,0.6,0.06,0.34,0.7154
bert,0.6,0.08,0.32,0.715
bert,0.6,0.1,0.30000000000000004,0.714
bert,0.6,0.12,0.28,0.7132999999999999
bert,0.6,0.14,0.26,0.7126000000000001
bert,0.6,0.16,0.24000000000000002,0.7111000000000001
bert,0.6,0.18,0.22000000000000003,0.7095
bert,0.6,0.2,0.2,0.7075
bert,0.6,0.22,0.18000000000000002,0.7061000000000002
bert,0.6,0.24,0.16000000000000003,0.7041999999999999
bert,0.6,0.26,0.14,0.7035
bert,0.6,0.28,0.12,0.7027
bert,0.6,0.3,0.10000000000000003,0.7016
bert,0.6,0.32,0.08000000000000002,0.6996
bert,0.6,0.34,0.06,0.6974000000000001
bert,0.6,0.36,0.040000000000000036,0.6952
bert,0.6,0.38,0.020000000000000018,0.6935
bert,0.6,0.4,0.0,0.6885
bert,0.62,0.0,0.38,0.7182999999999999
bert,0.62,0.02,0.36,0.7166
bert,0.62,0.04,0.34,0.7162000000000001
bert,0.62,0.06,0.32,0.7152999999999999
bert,0.62,0.08,0.3,0.7139
bert,0.62,0.1,0.28,0.7131000000000001
bert,0.62,0.12,0.26,0.7121000000000001
bert,0.62,0.14,0.24,0.7108000000000001
bert,0.62,0.16,0.22,0.7092
bert,0.62,0.18,0.2,0.7074
bert,0.62,0.2,0.18,0.7059000000000001
bert,0.62,0.22,0.16,0.705
bert,0.62,0.24,0.14,0.7038
bert,0.62,0.26,0.12,0.7026
bert,0.62,0.28,0.09999999999999998,0.7016
bert,0.62,0.3,0.08000000000000002,0.7000000000000001
bert,0.62,0.32,0.06,0.6976
bert,0.62,0.34,0.03999999999999998,0.6958000000000001
bert,0.62,0.36,0.020000000000000018,0.6933
bert,0.62,0.38,0.0,0.6888
bert,0.64,0.0,0.36,0.7168
bert,0.64,0.02,0.33999999999999997,0.7166
bert,0.64,0.04,0.32,0.7156999999999999
bert,0.64,0.06,0.3,0.7142000000000001
bert,0.64,0.08,0.27999999999999997,0.7129
bert,0.64,0.1,0.26,0.712
bert,0.64,0.12,0.24,0.7102999999999999
bert,0.64,0.14,0.21999999999999997,0.709
bert,0.64,0.16,0.19999999999999998,0.7072
bert,0.64,0.18,0.18,0.706
bert,0.64,0.2,0.15999999999999998,0.7053
bert,0.64,0.22,0.13999999999999999,0.7035999999999999
bert,0.64,0.24,0.12,0.7028000000000001
bert,0.64,0.26,0.09999999999999998,0.7015
bert,0.64,0.28,0.07999999999999996,0.7002
bert,0.64,0.3,0.06,0.698
bert,0.64,0.32,0.03999999999999998,0.696
bert,0.64,0.34,0.019999999999999962,0.6936
bert,0.64,0.36,0.0,0.6887000000000001
bert,0.66,0.0,0.33999999999999997,0.7165
bert,0.66,0.02,0.31999999999999995,0.7156
bert,0.66,0.04,0.3,0.7142000000000001
bert,0.66,0.06,0.27999999999999997,0.7131
bert,0.66,0.08,0.25999999999999995,0.7124000000000001
bert,0.66,0.1,0.23999999999999996,0.7105
bert,0.66,0.12,0.21999999999999997,0.7093
bert,0.66,0.14,0.19999999999999996,0.7074
bert,0.66,0.16,0.17999999999999997,0.7062
bert,0.66,0.18,0.15999999999999998,0.7052999999999999
bert,0.66,0.2,0.13999999999999996,0.7038
bert,0.66,0.22,0.11999999999999997,0.7032
bert,0.66,0.24,0.09999999999999998,0.7018000000000001
bert,0.66,0.26,0.07999999999999996,0.7004000000000001
bert,0.66,0.28,0.05999999999999994,0.6980999999999999
bert,0.66,0.3,0.03999999999999998,0.696
bert,0.66,0.32,0.019999999999999962,0.6939000000000001
bert,0.68,0.0,0.31999999999999995,0.7157
bert,0.68,0.02,0.29999999999999993,0.7142999999999999
bert,0.68,0.04,0.27999999999999997,0.7134000000000001
bert,0.68,0.06,0.25999999999999995,0.7122
bert,0.68,0.08,0.23999999999999994,0.7104
bert,0.68,0.1,0.21999999999999995,0.7087
bert,0.68,0.12,0.19999999999999996,0.7072
bert,0.68,0.14,0.17999999999999994,0.7058
bert,0.68,0.16,0.15999999999999995,0.7052
bert,0.68,0.18,0.13999999999999996,0.7041
bert,0.68,0.2,0.11999999999999994,0.7037
bert,0.68,0.22,0.09999999999999995,0.7023
bert,0.68,0.24,0.07999999999999996,0.7005999999999999
bert,0.68,0.26,0.05999999999999994,0.6985
bert,0.68,0.28,0.039999999999999925,0.6962
bert,0.68,0.3,0.019999999999999962,0.6939
bert,0.7000000000000001,0.0,0.29999999999999993,0.7145
bert,0.7000000000000001,0.02,0.2799999999999999,0.713
bert,0.7000000000000001,0.04,0.25999999999999995,0.7126999999999999
bert,0.7000000000000001,0.06,0.23999999999999994,0.7107
bert,0.7000000000000001,0.08,0.21999999999999992,0.7087
bert,0.7000000000000001,0.1,0.19999999999999993,0.707
bert,0.7000000000000001,0.12,0.17999999999999994,0.7059
bert,0.7000000000000001,0.14,0.15999999999999992,0.7057
bert,0.7000000000000001,0.16,0.13999999999999993,0.7042
bert,0.7000000000000001,0.18,0.11999999999999994,0.7032999999999999
bert,0.7000000000000001,0.2,0.09999999999999992,0.7022999999999999
bert,0.7000000000000001,0.22,0.07999999999999993,0.7008
bert,0.7000000000000001,0.24,0.05999999999999994,0.699
bert,0.7000000000000001,0.26,0.039999999999999925,0.6966
bert,0.7000000000000001,0.28,0.019999999999999907,0.6938
bert,0.72,0.0,0.28,0.7128
bert,0.72,0.02,0.26,0.7123999999999999
bert,0.72,0.04,0.24000000000000002,0.7106
bert,0.72,0.06,0.22000000000000003,0.709
bert,0.72,0.08,0.2,0.7069
bert,0.72,0.1,0.18000000000000002,0.7062999999999999
bert,0.72,0.12,0.16000000000000003,0.7058
bert,0.72,0.14,0.14,0.7045
bert,0.72,0.16,0.12000000000000002,0.7038
bert,0.72,0.18,0.10000000000000003,0.7024
bert,0.72,0.2,0.08000000000000002,0.701
bert,0.72,0.22,0.060000000000000026,0.6995
bert,0.72,0.24,0.040000000000000036,0.697
bert,0.72,0.26,0.020000000000000018,0.6939
bert,0.72,0.28,0.0,0.6886
bert,0.74,0.0,0.26,0.7122
bert,0.74,0.02,0.24000000000000002,0.7108000000000001
bert,0.74,0.04,0.22,0.7091
bert,0.74,0.06,0.2,0.7072999999999999
bert,0.74,0.08,0.18,0.706
bert,0.74,0.1,0.16,0.7059000000000001
bert,0.74,0.12,0.14,0.7045
bert,0.74,0.14,0.12,0.7035
bert,0.74,0.16,0.1,0.7022
bert,0.74,0.18,0.08000000000000002,0.7017
bert,0.74,0.2,0.06,0.6999
bert,0.74,0.22,0.04000000000000001,0.6971
bert,0.74,0.24,0.020000000000000018,0.6944
bert,0.74,0.26,0.0,0.6885999999999999
bert,0.76,0.0,0.24,0.7108
bert,0.76,0.02,0.22,0.7092
bert,0.76,0.04,0.19999999999999998,0.7072
bert,0.76,0.06,0.18,0.7064
bert,0.76,0.08,0.15999999999999998,0.7056
bert,0.76,0.1,0.13999999999999999,0.7039000000000001
bert,0.76,0.12,0.12,0.7034
bert,0.76,0.14,0.09999999999999998,0.7025
bert,0.76,0.16,0.07999999999999999,0.7014
bert,0.76,0.18,0.06,0.7001
bert,0.76,0.2,0.03999999999999998,0.6978
bert,0.76,0.22,0.01999999999999999,0.6942
bert,0.76,0.24,0.0,0.6889
bert,0.78,0.0,0.21999999999999997,0.7097
bert,0.78,0.02,0.19999999999999998,0.7076000000000001
bert,0.78,0.04,0.17999999999999997,0.7064
bert,0.78,0.06,0.15999999999999998,0.7049000000000001
bert,0.78,0.08,0.13999999999999996,0.7041000000000001
bert,0.78,0.1,0.11999999999999997,0.7035
bert,0.78,0.12,0.09999999999999998,0.7028
bert,0.78,0.14,0.07999999999999996,0.702
bert,0.78,0.16,0.05999999999999997,0.7
bert,0.78,0.18,0.03999999999999998,0.6978
bert,0.78,0.2,0.019999999999999962,0.6949000000000001
bert,0.8,0.0,0.19999999999999996,0.7077
bert,0.8,0.02,0.17999999999999997,0.7061000000000001
bert,0.8,0.04,0.15999999999999995,0.705
bert,0.8,0.06,0.13999999999999996,0.7037
bert,0.8,0.08,0.11999999999999995,0.7035999999999999
bert,0.8,0.1,0.09999999999999995,0.7027
bert,0.8,0.12,0.07999999999999996,0.7016
bert,0.8,0.14,0.05999999999999994,0.7002
bert,0.8,0.16,0.03999999999999995,0.6986
bert,0.8,0.18,0.019999999999999962,0.6951
bert,0.8200000000000001,0.0,0.17999999999999994,0.7066
bert,0.8200000000000001,0.02,0.15999999999999995,0.7055
bert,0.8200000000000001,0.04,0.13999999999999993,0.7042999999999999
bert,0.8200000000000001,0.06,0.11999999999999994,0.7032
bert,0.8200000000000001,0.08,0.09999999999999994,0.7024
bert,0.8200000000000001,0.1,0.07999999999999993,0.7021
bert,0.8200000000000001,0.12,0.05999999999999994,0.7003
bert,0.8200000000000001,0.14,0.039999999999999925,0.6989000000000001
bert,0.8200000000000001,0.16,0.019999999999999934,0.6958
bert,0.84,0.0,0.16000000000000003,0.7055
bert,0.84,0.02,0.14000000000000004,0.7045
bert,0.84,0.04,0.12000000000000002,0.7032
bert,0.84,0.06,0.10000000000000003,0.7023
bert,0.84,0.08,0.08000000000000003,0.7021000000000001
bert,0.84,0.1,0.060000000000000026,0.7009000000000001
bert,0.84,0.12,0.040000000000000036,0.6988000000000001
bert,0.84,0.14,0.020000000000000018,0.6959000000000001
bert,0.84,0.16,2.7755575615628914e-17,0.6893
bert,0.86,0.0,0.14,0.7042
bert,0.86,0.02,0.12000000000000001,0.7032
bert,0.86,0.04,0.1,0.7017
bert,0.86,0.06,0.08000000000000002,0.7014000000000001
bert,0.86,0.08,0.06000000000000001,0.7009000000000001
bert,0.86,0.1,0.04000000000000001,0.6985
bert,0.86,0.12,0.020000000000000018,0.6962
bert,0.86,0.14,0.0,0.6891999999999999
bert,0.88,0.0,0.12,0.7034000000000001
bert,0.88,0.02,0.09999999999999999,0.7026
bert,0.88,0.04,0.07999999999999999,0.7007000000000001
bert,0.88,0.06,0.06,0.7004000000000001
bert,0.88,0.08,0.039999999999999994,0.6988
bert,0.88,0.1,0.01999999999999999,0.6964000000000001
bert,0.88,0.12,0.0,0.6889
bert,0.9,0.0,0.09999999999999998,0.7025999999999999
bert,0.9,0.02,0.07999999999999997,0.7012
bert,0.9,0.04,0.05999999999999998,0.7004000000000001
bert,0.9,0.06,0.03999999999999998,0.6988
bert,0.9,0.08,0.019999999999999976,0.6972
bert,0.92,0.0,0.07999999999999996,0.7014
bert,0.92,0.02,0.059999999999999956,0.7001000000000001
bert,0.92,0.04,0.03999999999999996,0.6992999999999999
bert,0.92,0.06,0.019999999999999962,0.6981
bert,0.9400000000000001,0.0,0.05999999999999994,0.7001000000000001
bert,0.9400000000000001,0.02,0.03999999999999994,0.6989000000000001
bert,0.9400000000000001,0.04,0.01999999999999994,0.6981
bert,0.96,0.0,0.040000000000000036,0.6985
bert,0.96,0.02,0.020000000000000035,0.6988
bert,0.96,0.04,3.469446951953614e-17,0.6887000000000001
bert,0.98,0.0,0.020000000000000018,0.6981
bert,0.98,0.02,1.734723475976807e-17,0.6882
bert,1.0,0.0,0.0,0.6895
